"Palabra clave",Dificultad,Posición,"Posición anterior","Posición de las Funciones SERP","Vol. de búsqueda","Intención de búsqueda","Funciones SERP",Competencia,CPC,URL,Tráfico,"Cuota del tráfico","Coste del tráfico"
"registro horas",27,19,38,,110,"L, C","Resultados locales, Reseñas, Preguntas relacionadas, Imágenes, Búsquedas relacionadas",0.49,2.37,https://www.registrahora.es/,1,50,2.37
"normativa registro horario",14,4,,"Preguntas relacionadas",70,I,"Reseñas, Vídeo, Preguntas relacionadas, Vistas creadas con IA, Búsquedas relacionadas",0.34,0.37,https://www.registrahora.es/registro-jornada-laboral,1,50,0.37
"control de jornada",23,94,,,90,"L, N","Reseñas, Enlaces del sitio, Vídeo, Preguntas relacionadas, GBP, Búsquedas relacionadas",0.76,2.25,https://www.registrahora.es/,0,0,0
"registro de horas",27,59,,,210,I,"Reseñas, Vídeo, Preguntas relacionadas, Imágenes, Búsquedas relacionadas",0.94,1.92,https://www.registrahora.es/,0,0,0
"registro de la jornada laboral",16,89,,,90,I,"Reseñas, Vídeo, Noticias destacadas, Preguntas relacionadas, Encontrar resultados en, Vistas creadas con IA, Búsquedas relacionadas",0.63,0.9,https://www.registrahora.es/registro-horario-obligatorio,0,0,0
"registrar jornada laboral",16,55,,,410,I,"Reseñas, Vídeo, Preguntas relacionadas, Imágenes, Búsquedas relacionadas",0.78,1.65,https://www.registrahora.es/registro-jornada-laboral,0,0,0
"control horario gratuito",10,86,,,70,I,"Reseñas, Vídeo, Preguntas relacionadas, Anuncios al final, Vistas creadas con IA, Búsquedas relacionadas",0.99,0.91,https://www.registrahora.es/,0,0,0
"control horario obligatorio",13,98,,,70,I,"Reseñas, Vídeo, Noticias destacadas, Preguntas relacionadas, Encontrar resultados en, Vistas creadas con IA, Búsquedas relacionadas",0.81,1.28,https://www.registrahora.es/registro-horario-obligatorio,0,0,0
"real decreto registro de jornada",22,31,,,70,I,"Reseñas, Vídeo, Preguntas relacionadas, Búsquedas relacionadas",0.02,0,https://www.registrahora.es/noticias/nuevo-real-decreto-registro-digital-2026,0,0,0
"registro horario empresas",17,67,,Reseñas,70,I,"Reseñas, Vídeo, Preguntas relacionadas, Anuncios al final, Búsquedas relacionadas",0.82,3.72,https://www.registrahora.es/registro-horario,0,0,0
"registros horarios empresas",19,83,,Reseñas,70,I,"Reseñas, Vídeo, Preguntas relacionadas, Imágenes, Vistas creadas con IA, Búsquedas relacionadas",0.82,3.72,https://www.registrahora.es/registro-horario,0,0,0
"sistema control horario trabajadores",20,61,,,90,I,"Reseñas, Vídeo, Preguntas relacionadas, Búsquedas relacionadas",0.98,2.35,https://www.registrahora.es/,0,0,0
"normativa registro horario",14,74,,,70,I,"Reseñas, Vídeo, Preguntas relacionadas, Vistas creadas con IA, Búsquedas relacionadas",0.34,0.37,https://www.registrahora.es/registro-horario-obligatorio,0,0,0
"app registro horario",16,79,,,70,I,"Reseñas, Vídeo, Preguntas relacionadas, Búsquedas relacionadas",0.86,2.06,https://www.registrahora.es/,0,0,0
"inspeccion de trabajo multas",4,16,,,50,I,"Reseñas, Vídeo, Preguntas relacionadas, Imágenes, Vistas creadas con IA, Búsquedas relacionadas",0.01,0,https://www.registrahora.es/noticias/sanciones-inspeccion-trabajo-control-horario,0,0,0
"sistema de control horario multiempresa",11,84,84,,0,I,"Reseñas, Vídeo, Imágenes, Anuncios al final, Vistas creadas con IA, Búsquedas relacionadas",0,0,https://www.registrahora.es/,0,0,0
"sistema de control horario multiempresa",11,50,50,Reseñas,0,I,"Reseñas, Vídeo, Imágenes, Anuncios al final, Vistas creadas con IA, Búsquedas relacionadas",0,0,https://www.registrahora.es/registro-horario,0,0,0
"control horario digital que pueda revisar la gestoría",6,1,1,,0,I,"Reseñas, Vídeo, Preguntas relacionadas, Búsquedas relacionadas",0,0,https://www.registrahora.es/control-horario-gestorias,0,0,0
"control horario para gestorías laborales",6,54,54,,0,I,"Reseñas, Vídeo, Preguntas relacionadas, Vistas creadas con IA, Búsquedas relacionadas",0,0,https://www.registrahora.es/,0,0,0
"control horario para gestorías laborales",6,22,22,,0,I,"Reseñas, Vídeo, Preguntas relacionadas, Vistas creadas con IA, Búsquedas relacionadas",0,0,https://www.registrahora.es/control-horario-gestorias,0,0,0
"control horario para gestorías laborales",6,75,75,Reseñas,0,I,"Reseñas, Vídeo, Preguntas relacionadas, Vistas creadas con IA, Búsquedas relacionadas",0,0,https://www.registrahora.es/registro-horario,0,0,0
"app control horario con acceso web para rrhh",12,78,78,,0,I,"Reseñas, Vídeo, Imágenes, Búsquedas relacionadas",0,0,https://www.registrahora.es/,0,0,0
"precios software de control horario",9,27,27,Reseñas,0,I,"Reseñas, Vídeo, Preguntas relacionadas, Vistas creadas con IA, Búsquedas relacionadas",0,0,https://www.registrahora.es/registro-horario,0,0,0
"sistema fichaje ley trabajo",13,6,6,"Preguntas relacionadas",0,I,"Reseñas, Vídeo, Preguntas relacionadas, Vistas creadas con IA, Búsquedas relacionadas",0,0,https://www.registrahora.es/fichaje-digital-obligatorio-2026,0,0,0
"inspeccion trabajo control horario",9,16,16,,10,I,"Reseñas, Vídeo, Noticias destacadas, Preguntas relacionadas, Vistas creadas con IA, Búsquedas relacionadas",0,0,https://www.registrahora.es/noticias/sanciones-inspeccion-trabajo-control-horario,0,0,0
"inspeccion control horario",8,10,10,,0,I,"Reseñas, Vídeo, Preguntas relacionadas, Búsquedas relacionadas",0,0,https://www.registrahora.es/noticias/sanciones-inspeccion-trabajo-control-horario,0,0,0
